,Rk,Player,Nation,Main_Pos,Sec_Pos,Squad,Age,Born,Total Tackels,TklW,Def 3rd,Mid 3rd,Att 3rd,Dribblers_Tackeld,Dribblers_Tackel_Att,Dribblers_Tackel%,Lost,Blocks,Sh,Pass,Int,Tkl+Int,Clr,Err,Total_Cmp,Total_Att,Total_Cmp%,TotDist,PrgDist,Short_Cmp,Short_Att,Short_Cmp%,Medium_Cmp,Medium_Att,Medium_Cmp%,Long_Cmp,Long_Att,Long_Cmp%,Ast,xAG,xA,A-xAG,KP,1/3,PPA,CrsPA,PrgP,Passes_in_Gameflow,Passes_Out_of_Gameflow,Freekick,Throughball,40_yds_pass,Crosses,Corner_Kicks,Corner_Kicks_In,Corner_Kicks_Out,Corner_Kicks_Straight,Passes_Offside,Passes_Blocked,Touches,Touches_Def_Pen_Area,Touches_Def_3rd_Area,Touches_Mid_3rd_Area,Touches_Att_3rd_Area,Touches_Att_Pen_Area,Live_Touches_in_Game,Dribbling_Att,Dribbling_Succ,Dribbling_Succ%,Tackeld_Dribbling,Tackeld_Dribbling%,Total_Carry_Distance,Total_Progressive_Carry_Distance,Total_Carries_in_1/3,Total_Carries_in_Penalty_Area,Miscontrols_Carries,Dispossed_Carries,Passes_Received,Progressive_Passes_Received,Shot_Creating_Action,Shot_Creating_Action_90,Live_Passes_lead_Shot_Att,Dead_Passes_lead_Shot_Att,Shot_Att_after_Dribbling,Shot_lead_to_Shot_Att,Foul_drawn_lead_Shot_Att,Def_Action_lead_Shot_Att,GCA,GCA90,Live_Pass_lead_Goal,Dead_Pass_lead_Goal,Goal_after_Dribbling,Shot_lead_Goal,Foul_drawn_lead_Goal,Def_Action_lead_Goal,League,cluster_tackel,cluster_anticipation,cluster_pass,cluster_possesion
1,4,Tyler Adams,US,MF,MF,Leeds United,23,1999,89.0,46.0,44.0,35.0,10.0,50.0,77.0,64.9,27.0,48.0,8.0,40.0,35.0,124.0,29.0,0.0,1108.0,1343.0,82.5,16592.0,5061.0,607.0,686.0,88.5,390.0,460.0,84.8,63.0,107.0,58.9,0.0,1.4,1.0,-1.4,24.0,110.0,13.0,0.0,136.0,1271.0,72.0,58.0,1.0,2.0,2.0,0.0,0.0,0.0,0.0,0.0,24.0,1628.0,44.0,376.0,1010.0,254.0,5.0,1628.0,22.0,7.0,31.8,12.0,54.5,3342.0,1555.0,21.0,0.0,28.0,18.0,919.0,20.0,43.0,1.79,42.0,0.0,0.0,0.0,1.0,0.0,1.0,0.04,1.0,0.0,0.0,0.0,0.0,0.0,EPL,2,2,1,2
13,76,Moisés Caicedo,EC,MF,MF,Brighton,20,2001,100.0,50.0,41.0,47.0,12.0,40.0,68.0,58.8,28.0,43.0,7.0,36.0,56.0,156.0,31.0,3.0,1993.0,2251.0,88.5,30177.0,8036.0,1112.0,1202.0,92.5,683.0,755.0,90.5,126.0,159.0,79.2,1.0,2.7,2.5,-1.7000000000000002,43.0,181.0,35.0,7.0,219.0,2214.0,37.0,12.0,11.0,9.0,17.0,0.0,0.0,0.0,0.0,0.0,38.0,2603.0,91.0,555.0,1520.0,558.0,28.0,2603.0,54.0,28.0,51.9,21.0,38.9,6220.0,2876.0,32.0,6.0,39.0,23.0,1891.0,61.0,88.0,2.52,81.0,0.0,2.0,3.0,1.0,1.0,5.0,0.14,5.0,0.0,0.0,0.0,0.0,0.0,EPL,2,2,1,2
15,86,Casemiro,BR,MF,MF,Manchester Utd,30,1992,89.0,46.0,43.0,35.0,11.0,48.0,92.0,52.2,44.0,49.0,11.0,38.0,34.0,123.0,64.0,0.0,1114.0,1439.0,77.4,19801.0,7351.0,515.0,614.0,83.9,446.0,545.0,81.8,126.0,204.0,61.8,3.0,3.1,3.9,-0.1,28.0,136.0,23.0,4.0,152.0,1408.0,24.0,22.0,12.0,13.0,19.0,0.0,0.0,0.0,0.0,7.0,29.0,1758.0,110.0,531.0,949.0,293.0,24.0,1758.0,20.0,9.0,45.0,8.0,40.0,2828.0,1404.0,17.0,1.0,18.0,14.0,1103.0,34.0,68.0,2.88,61.0,0.0,0.0,5.0,2.0,0.0,8.0,0.34,8.0,0.0,0.0,0.0,0.0,0.0,EPL,2,2,1,2
34,146,Cheick Doucouré,ML,MF,MF,Crystal Palace,22,2000,77.0,46.0,40.0,33.0,4.0,29.0,52.0,55.8,23.0,47.0,13.0,34.0,56.0,133.0,48.0,0.0,1038.0,1247.0,83.2,17432.0,5352.0,478.0,535.0,89.3,460.0,530.0,86.8,75.0,104.0,72.1,3.0,1.9,1.2,1.1,26.0,110.0,11.0,1.0,140.0,1229.0,16.0,16.0,3.0,2.0,6.0,0.0,0.0,0.0,0.0,2.0,30.0,1577.0,94.0,444.0,894.0,255.0,15.0,1577.0,21.0,15.0,71.4,6.0,28.6,3761.0,1761.0,25.0,1.0,28.0,20.0,884.0,17.0,61.0,1.98,48.0,0.0,2.0,5.0,2.0,4.0,6.0,0.2,4.0,0.0,0.0,1.0,0.0,1.0,EPL,2,2,1,2
45,190,Idrissa Gana Gueye,SN,MF,MF,Everton,32,1989,97.0,57.0,49.0,35.0,13.0,31.0,60.0,51.7,29.0,50.0,12.0,38.0,56.0,153.0,34.0,3.0,1025.0,1226.0,83.6,16238.0,4278.0,525.0,583.0,90.1,419.0,476.0,88.0,57.0,105.0,54.3,1.0,1.1,0.8,-0.1,12.0,111.0,5.0,0.0,98.0,1205.0,17.0,13.0,1.0,4.0,10.0,0.0,0.0,0.0,0.0,4.0,23.0,1563.0,77.0,451.0,893.0,237.0,11.0,1563.0,35.0,19.0,54.3,9.0,25.7,3942.0,1829.0,26.0,3.0,31.0,18.0,845.0,19.0,51.0,1.78,36.0,0.0,1.0,2.0,7.0,5.0,3.0,0.1,2.0,0.0,0.0,0.0,0.0,1.0,EPL,2,2,1,2
56,237,Pierre Højbjerg,DK,MF,MF,Tottenham,26,1995,56.0,30.0,28.0,22.0,6.0,26.0,67.0,38.8,41.0,46.0,17.0,29.0,49.0,105.0,64.0,1.0,2021.0,2292.0,88.2,36323.0,9705.0,897.0,970.0,92.5,814.0,895.0,90.9,242.0,314.0,77.1,5.0,3.1,3.2,1.9,30.0,207.0,35.0,5.0,235.0,2206.0,81.0,56.0,10.0,39.0,15.0,1.0,0.0,0.0,0.0,5.0,28.0,2633.0,122.0,670.0,1537.0,449.0,33.0,2633.0,45.0,30.0,66.7,12.0,26.7,6846.0,3215.0,41.0,8.0,39.0,35.0,1925.0,66.0,97.0,2.79,89.0,0.0,2.0,2.0,1.0,3.0,14.0,0.4,14.0,0.0,0.0,0.0,0.0,0.0,EPL,2,2,1,2
59,249,Mathias Jensen,DK,MF,MF,Brentford,26,1996,70.0,35.0,28.0,30.0,12.0,34.0,97.0,35.1,63.0,54.0,5.0,49.0,32.0,102.0,24.0,1.0,1088.0,1566.0,69.5,21665.0,8457.0,471.0,559.0,84.3,398.0,555.0,71.7,191.0,372.0,51.3,6.0,5.0,4.7,1.0,48.0,117.0,38.0,16.0,141.0,1158.0,401.0,84.0,5.0,28.0,158.0,76.0,37.0,18.0,7.0,7.0,25.0,1890.0,43.0,368.0,868.0,669.0,29.0,1890.0,61.0,24.0,39.3,28.0,45.9,3499.0,1380.0,24.0,1.0,54.0,32.0,1011.0,77.0,103.0,3.31,48.0,47.0,1.0,3.0,3.0,1.0,13.0,0.42,7.0,4.0,0.0,1.0,0.0,1.0,EPL,2,2,1,2
70,297,Jefferson Lerma,CO,MF,MF,Bournemouth,27,1994,50.0,30.0,23.0,23.0,4.0,20.0,45.0,44.4,25.0,32.0,15.0,17.0,47.0,97.0,91.0,1.0,1317.0,1611.0,81.8,20458.0,7229.0,695.0,793.0,87.6,502.0,581.0,86.4,77.0,146.0,52.7,0.0,2.3,3.1,-2.3,18.0,126.0,23.0,2.0,142.0,1551.0,59.0,46.0,7.0,7.0,11.0,0.0,0.0,0.0,0.0,1.0,24.0,1934.0,165.0,587.0,1030.0,338.0,44.0,1934.0,23.0,13.0,56.5,9.0,39.1,3761.0,1861.0,32.0,1.0,24.0,17.0,1162.0,30.0,47.0,1.3,42.0,2.0,0.0,2.0,1.0,0.0,1.0,0.03,1.0,0.0,0.0,0.0,0.0,0.0,EPL,2,2,1,2
92,374,Rúben Neves,PT,MF,MF,Wolves,25,1997,79.0,43.0,31.0,33.0,15.0,32.0,74.0,43.2,42.0,59.0,22.0,37.0,50.0,129.0,85.0,1.0,1730.0,2106.0,82.1,36646.0,10039.0,578.0,635.0,91.0,824.0,926.0,89.0,312.0,474.0,65.8,1.0,1.6,1.5,-0.6000000000000001,32.0,202.0,15.0,1.0,218.0,1945.0,153.0,115.0,7.0,24.0,53.0,21.0,3.0,16.0,0.0,8.0,30.0,2486.0,177.0,810.0,1307.0,394.0,25.0,2483.0,31.0,19.0,61.3,9.0,29.0,6007.0,2980.0,29.0,1.0,22.0,13.0,1621.0,18.0,80.0,2.38,55.0,11.0,3.0,4.0,3.0,4.0,3.0,0.09,2.0,1.0,0.0,0.0,0.0,0.0,EPL,2,2,1,2
100,396,João Palhinha,PT,MF,MF,Fulham,27,1995,147.0,83.0,58.0,65.0,24.0,71.0,134.0,53.0,63.0,48.0,5.0,43.0,46.0,193.0,61.0,2.0,1051.0,1274.0,82.5,18222.0,4336.0,527.0,600.0,87.8,396.0,462.0,85.7,107.0,157.0,68.2,0.0,0.4,0.4,-0.4,7.0,118.0,3.0,0.0,101.0,1222.0,48.0,32.0,0.0,38.0,3.0,0.0,0.0,0.0,0.0,4.0,15.0,1714.0,81.0,433.0,1056.0,247.0,33.0,1714.0,39.0,14.0,35.9,15.0,38.5,2775.0,935.0,10.0,3.0,37.0,28.0,919.0,18.0,30.0,0.87,21.0,0.0,0.0,4.0,1.0,4.0,0.0,0.0,0.0,0.0,0.0,0.0,0.0,0.0,EPL,2,2,1,2
114,429,Declan Rice,ENG,MF,MF,West Ham,23,1999,79.0,38.0,44.0,31.0,4.0,31.0,50.0,62.0,19.0,45.0,15.0,30.0,63.0,142.0,58.0,0.0,1846.0,2135.0,86.5,33652.0,9456.0,850.0,944.0,90.0,735.0,789.0,93.2,223.0,324.0,68.8,1.0,3.2,1.9,-2.2,37.0,233.0,13.0,3.0,240.0,2060.0,70.0,48.0,4.0,60.0,44.0,19.0,15.0,1.0,0.0,5.0,26.0,2475.0,123.0,670.0,1419.0,433.0,24.0,2474.0,63.0,35.0,55.6,23.0,36.5,9145.0,4894.0,75.0,5.0,28.0,26.0,1642.0,37.0,100.0,2.75,86.0,7.0,1.0,1.0,2.0,3.0,6.0,0.16,6.0,0.0,0.0,0.0,0.0,0.0,EPL,2,2,1,2
160,64,Fran Beltrán,ES,MF,MF,Celta Vigo,23,1999,34.0,22.0,15.0,14.0,5.0,14.0,55.0,25.5,41.0,29.0,5.0,24.0,53.0,87.0,35.0,2.0,1604.0,1816.0,88.3,28935.0,6589.0,658.0,716.0,91.9,743.0,808.0,92.0,164.0,221.0,74.2,2.0,1.7,2.5,0.3,24.0,136.0,12.0,4.0,138.0,1667.0,147.0,88.0,0.0,12.0,51.0,38.0,18.0,14.0,1.0,2.0,19.0,2062.0,62.0,454.0,1253.0,366.0,11.0,2062.0,22.0,16.0,72.7,6.0,27.3,6158.0,2685.0,45.0,4.0,26.0,17.0,1354.0,33.0,66.0,2.08,53.0,10.0,0.0,1.0,0.0,2.0,4.0,0.13,2.0,1.0,0.0,0.0,0.0,1.0,La_Liga,2,2,1,2
175,114,Carlos Clerc,ES,DF,MF,Elche,30,1992,75.0,51.0,55.0,16.0,4.0,31.0,50.0,62.0,19.0,29.0,7.0,22.0,28.0,103.0,94.0,1.0,1040.0,1397.0,74.4,16100.0,6659.0,563.0,638.0,88.2,392.0,495.0,79.2,63.0,179.0,35.2,1.0,2.1,2.0,-1.1,16.0,78.0,18.0,9.0,107.0,1124.0,267.0,30.0,1.0,8.0,89.0,3.0,0.0,3.0,0.0,6.0,36.0,1714.0,131.0,596.0,761.0,370.0,25.0,1714.0,56.0,26.0,46.4,23.0,41.1,4694.0,2204.0,40.0,2.0,28.0,10.0,950.0,91.0,41.0,1.4,31.0,3.0,1.0,2.0,4.0,0.0,4.0,0.14,3.0,0.0,0.0,0.0,1.0,0.0,La_Liga,2,2,1,2
179,125,Samu Costa,PT,MF,MF,Almería,21,2000,61.0,31.0,35.0,20.0,6.0,29.0,61.0,47.5,32.0,29.0,7.0,22.0,37.0,98.0,64.0,4.0,864.0,1097.0,78.8,15886.0,5134.0,383.0,439.0,87.2,368.0,428.0,86.0,102.0,169.0,60.4,2.0,1.0,1.0,1.0,13.0,68.0,11.0,0.0,91.0,1048.0,41.0,37.0,4.0,12.0,8.0,0.0,0.0,0.0,0.0,8.0,28.0,1395.0,96.0,478.0,774.0,153.0,16.0,1395.0,22.0,9.0,40.9,12.0,54.5,2783.0,1113.0,8.0,1.0,31.0,13.0,856.0,24.0,47.0,2.13,37.0,1.0,1.0,2.0,3.0,3.0,3.0,0.14,3.0,0.0,0.0,0.0,0.0,0.0,La_Liga,2,2,1,2
206,233,Nemanja Gudelj,RS,DF,MF,Sevilla,30,1991,43.0,33.0,22.0,18.0,3.0,20.0,33.0,60.6,13.0,39.0,29.0,10.0,34.0,77.0,102.0,1.0,1445.0,1602.0,90.2,25141.0,8231.0,593.0,639.0,92.8,737.0,781.0,94.4,88.0,134.0,65.7,1.0,0.4,0.6,0.6,5.0,113.0,6.0,2.0,110.0,1527.0,70.0,57.0,1.0,9.0,3.0,0.0,0.0,0.0,0.0,5.0,4.0,1911.0,206.0,837.0,910.0,169.0,18.0,1911.0,5.0,3.0,60.0,2.0,40.0,5878.0,3393.0,37.0,0.0,14.0,2.0,1278.0,6.0,30.0,0.97,25.0,1.0,0.0,3.0,1.0,0.0,3.0,0.1,2.0,0.0,0.0,1.0,0.0,0.0,La_Liga,2,2,1,2
236,349,Omar Mascarell,ES,MF,DF,Elche,29,1993,53.0,26.0,32.0,19.0,2.0,31.0,64.0,48.4,33.0,51.0,19.0,32.0,45.0,98.0,54.0,1.0,1091.0,1270.0,85.9,20666.0,6208.0,429.0,469.0,91.5,513.0,560.0,91.6,132.0,201.0,65.7,1.0,1.1,1.2,-0.1,20.0,101.0,4.0,1.0,116.0,1183.0,83.0,56.0,0.0,20.0,22.0,19.0,1.0,9.0,3.0,4.0,11.0,1539.0,112.0,519.0,882.0,150.0,5.0,1539.0,33.0,21.0,63.6,10.0,30.3,5302.0,2337.0,21.0,1.0,14.0,11.0,929.0,6.0,42.0,1.54,30.0,11.0,1.0,0.0,0.0,0.0,3.0,0.11,1.0,2.0,0.0,0.0,0.0,0.0,La_Liga,2,2,1,2
240,363,Mikel Merino,ES,MF,MF,Real Sociedad,26,1996,77.0,49.0,28.0,33.0,16.0,31.0,62.0,50.0,31.0,38.0,8.0,30.0,20.0,97.0,51.0,1.0,1145.0,1502.0,76.2,18019.0,6014.0,607.0,715.0,84.9,408.0,517.0,78.9,83.0,161.0,51.6,9.0,5.4,5.0,3.6,44.0,154.0,36.0,5.0,172.0,1466.0,25.0,21.0,11.0,15.0,25.0,1.0,0.0,0.0,0.0,11.0,32.0,1861.0,86.0,356.0,1024.0,496.0,79.0,1860.0,42.0,22.0,52.4,16.0,38.1,3933.0,1763.0,42.0,4.0,48.0,37.0,1263.0,107.0,93.0,3.36,81.0,1.0,1.0,3.0,2.0,5.0,13.0,0.47,11.0,0.0,0.0,1.0,0.0,1.0,La_Liga,2,2,1,2
245,377,Jon Moncayola,ES,MF,DF,Osasuna,24,1998,55.0,39.0,24.0,22.0,9.0,30.0,76.0,39.5,46.0,37.0,5.0,32.0,17.0,72.0,32.0,2.0,1136.0,1461.0,77.8,22841.0,7870.0,433.0,490.0,88.4,516.0,609.0,84.7,176.0,315.0,55.9,3.0,1.8,2.2,1.2,27.0,170.0,22.0,10.0,175.0,1313.0,143.0,54.0,2.0,33.0,78.0,24.0,9.0,10.0,1.0,5.0,24.0,1698.0,59.0,387.0,949.0,379.0,14.0,1698.0,8.0,4.0,50.0,3.0,37.5,3900.0,2099.0,29.0,1.0,26.0,11.0,1060.0,50.0,68.0,2.5,54.0,3.0,0.0,8.0,3.0,0.0,9.0,0.33,5.0,0.0,0.0,3.0,1.0,0.0,La_Liga,2,2,1,2
257,434,Daniel Parejo,ES,MF,MF,Villarreal,33,1989,71.0,40.0,32.0,23.0,16.0,30.0,75.0,40.0,45.0,40.0,12.0,28.0,29.0,100.0,31.0,2.0,2224.0,2569.0,86.6,40111.0,13261.0,1001.0,1069.0,93.6,915.0,1001.0,91.4,255.0,393.0,64.9,4.0,4.1,5.1,-0.0999999999999996,50.0,271.0,35.0,3.0,250.0,2249.0,310.0,178.0,7.0,29.0,144.0,127.0,57.0,34.0,4.0,10.0,29.0,2855.0,106.0,633.0,1565.0,683.0,14.0,2851.0,41.0,29.0,70.7,9.0,22.0,6461.0,3004.0,47.0,0.0,31.0,35.0,1977.0,32.0,113.0,3.1,84.0,26.0,1.0,1.0,1.0,0.0,11.0,0.3,8.0,2.0,0.0,1.0,0.0,0.0,La_Liga,2,2,1,2
269,486,Lucas Robertone,AR,MF,MF,Almería,25,1997,50.0,28.0,20.0,21.0,9.0,28.0,64.0,43.8,36.0,45.0,7.0,38.0,46.0,96.0,46.0,1.0,1051.0,1364.0,77.1,18461.0,6242.0,507.0,573.0,88.5,369.0,437.0,84.4,135.0,269.0,50.2,7.0,6.6,4.5,0.4000000000000003,53.0,115.0,34.0,13.0,155.0,1211.0,147.0,68.0,10.0,15.0,137.0,64.0,25.0,34.0,0.0,6.0,18.0,1711.0,67.0,345.0,918.0,479.0,38.0,1711.0,68.0,27.0,39.7,30.0,44.1,4923.0,2510.0,48.0,7.0,44.0,19.0,1081.0,97.0,109.0,3.45,74.0,25.0,3.0,2.0,4.0,1.0,11.0,0.35,6.0,4.0,1.0,0.0,0.0,0.0,La_Liga,2,2,1,2
272,493,Guido Rodríguez,AR,MF,MF,Betis,28,1994,115.0,75.0,59.0,50.0,6.0,54.0,101.0,53.5,47.0,58.0,14.0,44.0,42.0,157.0,76.0,1.0,1464.0,1688.0,86.7,23761.0,7863.0,729.0,796.0,91.6,541.0,604.0,89.6,129.0,189.0,68.3,0.0,0.4,0.8,-0.4,11.0,133.0,9.0,1.0,123.0,1596.0,86.0,84.0,3.0,20.0,9.0,0.0,0.0,0.0,0.0,6.0,14.0,2064.0,118.0,607.0,1248.0,229.0,18.0,2064.0,35.0,22.0,62.9,8.0,22.9,3909.0,1738.0,14.0,3.0,17.0,21.0,1301.0,18.0,37.0,1.16,32.0,1.0,0.0,2.0,2.0,0.0,2.0,0.06,2.0,0.0,0.0,0.0,0.0,0.0,La_Liga,2,2,1,2
298,564,Óscar Valentín,ES,MF,MF,Rayo Vallecano,27,1994,92.0,51.0,29.0,50.0,13.0,46.0,121.0,38.0,75.0,60.0,9.0,51.0,44.0,136.0,30.0,0.0,957.0,1173.0,81.6,16532.0,5381.0,469.0,528.0,88.8,377.0,440.0,85.7,97.0,159.0,61.0,0.0,0.9,1.2,-0.9,19.0,138.0,5.0,1.0,133.0,1138.0,32.0,32.0,1.0,9.0,3.0,0.0,0.0,0.0,0.0,3.0,17.0,1501.0,67.0,337.0,977.0,200.0,17.0,1501.0,20.0,7.0,35.0,11.0,55.0,4184.0,2021.0,24.0,1.0,22.0,13.0,829.0,17.0,48.0,1.69,41.0,0.0,0.0,1.0,2.0,4.0,2.0,0.07,2.0,0.0,0.0,0.0,0.0,0.0,La_Liga,2,2,1,2
303,575,Mikel Vesga,ES,MF,MF,Athletic Club,29,1993,57.0,35.0,21.0,31.0,5.0,25.0,68.0,36.8,43.0,39.0,8.0,31.0,36.0,93.0,39.0,3.0,1259.0,1510.0,83.4,22687.0,6824.0,562.0,655.0,85.8,513.0,582.0,88.1,152.0,197.0,77.2,3.0,1.5,1.8,1.5,20.0,193.0,21.0,4.0,199.0,1489.0,13.0,11.0,2.0,19.0,12.0,0.0,0.0,0.0,0.0,8.0,16.0,1800.0,66.0,338.0,1118.0,355.0,32.0,1797.0,18.0,10.0,55.6,8.0,44.4,4175.0,1995.0,29.0,4.0,38.0,16.0,1152.0,31.0,54.0,1.89,49.0,0.0,0.0,3.0,1.0,1.0,6.0,0.21,3.0,0.0,0.0,1.0,1.0,1.0,La_Liga,2,2,1,2
308,594,Martín Zubimendi,ES,MF,MF,Real Sociedad,23,1999,59.0,33.0,23.0,30.0,6.0,24.0,45.0,53.3,21.0,44.0,17.0,27.0,37.0,96.0,55.0,4.0,1545.0,1812.0,85.3,26783.0,8092.0,692.0,784.0,88.3,702.0,770.0,91.2,125.0,188.0,66.5,3.0,2.0,2.2,1.0,20.0,175.0,23.0,1.0,184.0,1748.0,58.0,54.0,6.0,10.0,4.0,0.0,0.0,0.0,0.0,6.0,23.0,2090.0,108.0,509.0,1350.0,259.0,18.0,2090.0,24.0,9.0,37.5,10.0,41.7,6896.0,3678.0,39.0,3.0,23.0,17.0,1443.0,29.0,52.0,1.51,47.0,0.0,0.0,1.0,3.0,1.0,6.0,0.17,6.0,0.0,0.0,0.0,0.0,0.0,La_Liga,2,2,1,2
314,18,Ethan Ampadu,WLS,DF,MF,Spezia,21,2000,66.0,37.0,33.0,28.0,5.0,17.0,41.0,41.5,24.0,48.0,23.0,25.0,36.0,102.0,98.0,0.0,1254.0,1548.0,81.0,23855.0,9527.0,474.0,538.0,88.1,631.0,707.0,89.3,134.0,253.0,53.0,1.0,1.1,0.9,-0.1,13.0,106.0,14.0,4.0,125.0,1426.0,116.0,46.0,3.0,17.0,11.0,0.0,0.0,0.0,0.0,6.0,20.0,1889.0,229.0,930.0,841.0,140.0,19.0,1889.0,12.0,9.0,75.0,1.0,8.3,5907.0,3014.0,21.0,0.0,18.0,7.0,1090.0,10.0,40.0,1.36,33.0,0.0,0.0,4.0,2.0,1.0,4.0,0.14,4.0,0.0,0.0,0.0,0.0,0.0,Serie A,2,2,1,2
357,140,Bryan Cristante,IT,MF,DF,Roma,27,1995,113.0,62.0,55.0,49.0,9.0,55.0,90.0,61.1,35.0,39.0,10.0,29.0,18.0,131.0,53.0,0.0,1381.0,1679.0,82.3,25923.0,8226.0,571.0,647.0,88.3,590.0,666.0,88.6,182.0,296.0,61.5,1.0,1.4,2.0,-0.3999999999999999,16.0,157.0,17.0,4.0,142.0,1611.0,63.0,60.0,6.0,31.0,11.0,0.0,0.0,0.0,0.0,5.0,19.0,1994.0,99.0,559.0,1257.0,196.0,39.0,1993.0,13.0,9.0,69.2,3.0,23.1,4607.0,2063.0,13.0,4.0,25.0,11.0,1290.0,27.0,42.0,1.29,37.0,0.0,0.0,5.0,0.0,0.0,7.0,0.21,5.0,0.0,0.0,2.0,0.0,0.0,Serie A,2,2,1,2
385,248,Morten Hjulmand,DK,MF,MF,Lecce,23,1999,90.0,52.0,49.0,40.0,1.0,37.0,67.0,55.2,30.0,43.0,11.0,32.0,72.0,162.0,54.0,0.0,1040.0,1325.0,78.5,19699.0,6227.0,428.0,516.0,82.9,452.0,521.0,86.8,138.0,225.0,61.3,4.0,2.1,1.5,1.9,26.0,152.0,19.0,5.0,159.0,1233.0,88.0,83.0,2.0,26.0,17.0,1.0,0.0,1.0,0.0,4.0,19.0,1665.0,101.0,472.0,982.0,225.0,6.0,1665.0,26.0,17.0,65.4,3.0,11.5,3378.0,1324.0,16.0,0.0,29.0,19.0,791.0,16.0,60.0,1.82,53.0,3.0,0.0,1.0,3.0,0.0,6.0,0.18,6.0,0.0,0.0,0.0,0.0,0.0,Serie A,2,2,1,2
402,308,Stanislav Lobotka,SK,MF,MF,Napoli,27,1994,83.0,44.0,35.0,35.0,13.0,43.0,73.0,58.9,30.0,29.0,7.0,22.0,23.0,106.0,16.0,0.0,2163.0,2301.0,94.0,35855.0,8577.0,1040.0,1095.0,95.0,890.0,933.0,95.4,172.0,191.0,90.1,1.0,1.0,1.3,0.0,17.0,214.0,14.0,0.0,172.0,2252.0,47.0,33.0,0.0,14.0,2.0,0.0,0.0,0.0,0.0,2.0,10.0,2536.0,66.0,523.0,1653.0,379.0,14.0,2536.0,27.0,18.0,66.7,5.0,18.5,7751.0,3135.0,68.0,9.0,25.0,16.0,1950.0,39.0,70.0,2.03,58.0,1.0,1.0,2.0,5.0,3.0,8.0,0.23,6.0,1.0,0.0,1.0,0.0,0.0,Serie A,2,2,1,2
403,309,Manuel Locatelli,IT,MF,MF,Juventus,24,1998,59.0,33.0,26.0,23.0,10.0,30.0,53.0,56.6,23.0,50.0,22.0,28.0,27.0,86.0,59.0,0.0,1114.0,1362.0,81.8,20892.0,7015.0,478.0,547.0,87.4,462.0,526.0,87.8,153.0,225.0,68.0,2.0,1.8,1.3,0.1999999999999999,22.0,144.0,13.0,1.0,134.0,1294.0,64.0,52.0,1.0,20.0,13.0,4.0,0.0,3.0,0.0,4.0,28.0,1671.0,100.0,466.0,939.0,283.0,20.0,1671.0,27.0,15.0,55.6,11.0,40.7,3203.0,1475.0,18.0,4.0,29.0,19.0,1083.0,37.0,56.0,2.06,46.0,3.0,2.0,3.0,1.0,1.0,7.0,0.26,5.0,0.0,1.0,0.0,1.0,0.0,Serie A,2,2,1,2
453,487,Jerdy Schouten,NL,MF,MF,Bologna,25,1997,63.0,38.0,28.0,33.0,2.0,27.0,49.0,55.1,22.0,40.0,17.0,23.0,40.0,103.0,43.0,1.0,1299.0,1498.0,86.7,20836.0,5831.0,688.0,763.0,90.2,494.0,553.0,89.3,87.0,115.0,75.7,2.0,1.5,1.0,0.5,19.0,118.0,9.0,0.0,139.0,1487.0,8.0,8.0,4.0,13.0,3.0,0.0,0.0,0.0,0.0,3.0,16.0,1807.0,81.0,492.0,1138.0,193.0,10.0,1807.0,48.0,27.0,56.3,13.0,27.1,4285.0,1647.0,13.0,1.0,43.0,25.0,1239.0,29.0,56.0,2.01,53.0,0.0,0.0,2.0,0.0,1.0,6.0,0.22,6.0,0.0,0.0,0.0,0.0,0.0,Serie A,2,2,1,2
459,525,Adrien Tameze,CM,MF,MF,Hellas Verona,28,1994,51.0,30.0,21.0,26.0,4.0,28.0,63.0,44.4,35.0,51.0,14.0,37.0,37.0,88.0,55.0,2.0,835.0,1092.0,76.5,14351.0,4390.0,376.0,468.0,80.3,363.0,430.0,84.4,73.0,116.0,62.9,0.0,0.9,1.2,-0.9,22.0,91.0,17.0,3.0,103.0,1020.0,64.0,49.0,0.0,6.0,21.0,0.0,0.0,0.0,0.0,8.0,30.0,1428.0,97.0,380.0,829.0,244.0,21.0,1428.0,53.0,26.0,49.1,22.0,41.5,3953.0,1618.0,34.0,4.0,39.0,34.0,739.0,58.0,53.0,1.57,44.0,2.0,1.0,1.0,4.0,1.0,3.0,0.09,3.0,0.0,0.0,0.0,0.0,0.0,Serie A,2,2,1,2
472,572,Walace,BR,MF,MF,Udinese,27,1995,82.0,39.0,42.0,31.0,9.0,41.0,90.0,45.6,49.0,47.0,12.0,35.0,51.0,133.0,51.0,1.0,1482.0,1771.0,83.7,27539.0,8344.0,586.0,670.0,87.5,667.0,745.0,89.5,189.0,257.0,73.5,1.0,1.7,1.0,-0.7,17.0,153.0,12.0,3.0,170.0,1688.0,77.0,56.0,1.0,25.0,21.0,1.0,0.0,0.0,0.0,6.0,38.0,2151.0,121.0,649.0,1266.0,260.0,15.0,2151.0,28.0,11.0,39.3,13.0,46.4,6377.0,2966.0,32.0,0.0,39.0,29.0,1297.0,36.0,53.0,1.49,43.0,1.0,0.0,5.0,3.0,1.0,6.0,0.17,5.0,0.0,0.0,0.0,1.0,0.0,Serie A,2,2,1,2
483,4,Laurent Abergel,FR,MF,MF,Lorient,29,1993,92.0,52.0,59.0,30.0,3.0,39.0,92.0,42.4,53.0,47.0,8.0,39.0,34.0,126.0,39.0,0.0,1308.0,1483.0,88.2,22287.0,7579.0,593.0,640.0,92.7,562.0,617.0,91.1,111.0,160.0,69.4,1.0,1.3,1.1,-0.3,14.0,144.0,11.0,0.0,143.0,1431.0,49.0,47.0,10.0,8.0,6.0,1.0,0.0,0.0,0.0,3.0,14.0,1779.0,76.0,581.0,1069.0,151.0,4.0,1779.0,41.0,23.0,56.1,14.0,34.1,6069.0,2597.0,29.0,0.0,29.0,19.0,1257.0,14.0,33.0,1.27,27.0,2.0,2.0,1.0,0.0,1.0,1.0,0.04,1.0,0.0,0.0,0.0,0.0,0.0,Ligue1,2,2,1,2
487,22,Benjamin André,FR,MF,MF,Lille,31,1990,128.0,74.0,51.0,60.0,17.0,65.0,121.0,53.7,56.0,50.0,8.0,42.0,47.0,175.0,60.0,0.0,1942.0,2324.0,83.6,35130.0,11527.0,818.0,937.0,87.3,809.0,916.0,88.3,238.0,335.0,71.0,1.0,1.8,2.3,-0.8,21.0,297.0,24.0,0.0,309.0,2262.0,54.0,49.0,8.0,23.0,14.0,0.0,0.0,0.0,0.0,8.0,31.0,2743.0,120.0,626.0,1774.0,363.0,35.0,2743.0,36.0,19.0,52.8,14.0,38.9,10561.0,4605.0,47.0,0.0,38.0,34.0,1892.0,46.0,70.0,2.16,62.0,0.0,0.0,3.0,3.0,2.0,6.0,0.19,5.0,0.0,0.0,0.0,1.0,0.0,Ligue1,2,2,1,2
504,58,Haris Belkebla,DZ,MF,MF,Brest,28,1994,80.0,48.0,35.0,40.0,5.0,44.0,85.0,51.8,41.0,32.0,6.0,26.0,52.0,132.0,21.0,3.0,1033.0,1222.0,84.5,18238.0,4759.0,430.0,484.0,88.8,471.0,524.0,89.9,100.0,146.0,68.5,0.0,0.6,0.8,-0.6,10.0,107.0,9.0,1.0,129.0,1188.0,30.0,20.0,1.0,11.0,11.0,0.0,0.0,0.0,0.0,4.0,28.0,1524.0,58.0,353.0,979.0,214.0,15.0,1523.0,34.0,11.0,32.4,15.0,44.1,5725.0,2432.0,25.0,4.0,37.0,27.0,946.0,37.0,39.0,1.32,33.0,0.0,0.0,0.0,4.0,2.0,2.0,0.07,1.0,0.0,0.0,0.0,1.0,0.0,Ligue1,2,2,1,2
517,104,Mohamed Camara,ML,MF,MF,Monaco,22,2000,83.0,45.0,38.0,39.0,6.0,48.0,92.0,52.2,44.0,45.0,6.0,39.0,27.0,110.0,14.0,1.0,1119.0,1284.0,87.1,21268.0,5952.0,435.0,484.0,89.9,501.0,549.0,91.3,153.0,203.0,75.4,3.0,2.2,1.5,0.7999999999999998,18.0,121.0,15.0,2.0,135.0,1243.0,36.0,32.0,5.0,20.0,4.0,0.0,0.0,0.0,0.0,5.0,16.0,1574.0,44.0,344.0,1028.0,223.0,6.0,1574.0,49.0,23.0,46.9,15.0,30.6,6182.0,2831.0,29.0,1.0,36.0,26.0,1105.0,19.0,44.0,1.81,40.0,0.0,1.0,1.0,2.0,0.0,8.0,0.33,7.0,0.0,0.0,1.0,0.0,0.0,Ligue1,2,2,1,2
522,123,Xavier Chavalerin,FR,MF,MF,Troyes,31,1991,82.0,50.0,39.0,30.0,13.0,27.0,71.0,38.0,44.0,31.0,8.0,23.0,41.0,123.0,24.0,0.0,875.0,1068.0,81.9,14453.0,4866.0,415.0,465.0,89.2,349.0,403.0,86.6,69.0,119.0,58.0,2.0,2.3,2.2,-0.2999999999999998,22.0,77.0,12.0,5.0,95.0,1010.0,51.0,33.0,5.0,8.0,29.0,6.0,4.0,2.0,0.0,7.0,31.0,1337.0,72.0,427.0,677.0,240.0,38.0,1337.0,17.0,9.0,52.9,5.0,29.4,4366.0,1543.0,21.0,5.0,24.0,12.0,840.0,49.0,41.0,1.52,31.0,4.0,2.0,2.0,0.0,2.0,3.0,0.11,2.0,0.0,0.0,1.0,0.0,0.0,Ligue1,2,2,1,2
524,129,Joris Chotard,FR,MF,MF,Montpellier,20,2001,64.0,34.0,37.0,23.0,4.0,40.0,78.0,51.3,38.0,40.0,11.0,29.0,40.0,104.0,42.0,1.0,867.0,1092.0,79.4,15720.0,5467.0,354.0,414.0,85.5,364.0,425.0,85.6,110.0,183.0,60.1,6.0,3.5,2.7,2.5,27.0,89.0,19.0,3.0,105.0,1033.0,55.0,40.0,5.0,11.0,33.0,11.0,4.0,6.0,0.0,4.0,19.0,1339.0,98.0,409.0,765.0,178.0,14.0,1339.0,26.0,13.0,50.0,9.0,34.6,4089.0,1539.0,15.0,2.0,20.0,12.0,754.0,28.0,40.0,1.46,30.0,4.0,1.0,1.0,1.0,3.0,8.0,0.29,8.0,0.0,0.0,0.0,0.0,0.0,Ligue1,2,2,1,2
532,165,Branco van den Boomen,NL,MF,MF,Toulouse,27,1995,71.0,36.0,26.0,32.0,13.0,36.0,89.0,40.4,53.0,27.0,4.0,23.0,10.0,81.0,27.0,2.0,1684.0,2214.0,76.1,37506.0,12927.0,551.0,625.0,88.2,700.0,852.0,82.2,387.0,636.0,60.8,8.0,8.1,8.1,-0.0999999999999996,88.0,270.0,51.0,13.0,321.0,1891.0,310.0,89.0,12.0,70.0,282.0,169.0,58.0,101.0,0.0,13.0,37.0,2457.0,43.0,385.0,1362.0,726.0,38.0,2453.0,38.0,19.0,50.0,14.0,36.8,8854.0,3811.0,54.0,7.0,32.0,12.0,1682.0,102.0,154.0,4.8,85.0,57.0,0.0,9.0,3.0,0.0,22.0,0.69,16.0,3.0,0.0,3.0,0.0,0.0,Ligue1,2,2,1,2
546,230,Przemysław Frankowski,PL,DF,MF,Lens,27,1995,77.0,51.0,37.0,31.0,9.0,39.0,80.0,48.8,41.0,38.0,6.0,32.0,41.0,118.0,42.0,2.0,1364.0,1828.0,74.6,23191.0,8259.0,652.0,748.0,87.2,553.0,727.0,76.1,124.0,271.0,45.8,3.0,6.8,6.9,-3.8,67.0,92.0,52.0,26.0,132.0,1414.0,409.0,64.0,2.0,5.0,255.0,111.0,43.0,50.0,0.0,5.0,33.0,2129.0,79.0,428.0,815.0,904.0,57.0,2126.0,32.0,13.0,40.6,15.0,46.9,7257.0,2684.0,49.0,10.0,30.0,15.0,1242.0,237.0,123.0,3.91,69.0,44.0,3.0,3.0,2.0,2.0,12.0,0.38,8.0,4.0,0.0,0.0,0.0,0.0,Ligue1,2,2,1,2
547,236,Johan Gastien,FR,MF,MF,Clermont Foot,34,1988,62.0,34.0,30.0,23.0,9.0,38.0,111.0,34.2,73.0,37.0,7.0,30.0,36.0,98.0,25.0,1.0,1743.0,2103.0,82.9,34446.0,11716.0,623.0,716.0,87.0,805.0,909.0,88.6,264.0,392.0,67.3,3.0,2.1,3.2,0.8999999999999999,28.0,193.0,30.0,5.0,219.0,1900.0,200.0,144.0,3.0,23.0,67.0,46.0,23.0,12.0,2.0,3.0,24.0,2358.0,80.0,628.0,1426.0,325.0,6.0,2358.0,25.0,9.0,36.0,14.0,56.0,8404.0,3491.0,30.0,1.0,26.0,12.0,1646.0,27.0,69.0,2.39,44.0,21.0,0.0,2.0,1.0,1.0,9.0,0.31,5.0,4.0,0.0,0.0,0.0,0.0,Ligue1,2,2,1,2
550,243,Andrei Girotto,BR,DF,MF,Nantes,30,1992,122.0,73.0,71.0,45.0,6.0,74.0,132.0,56.1,58.0,55.0,24.0,31.0,73.0,195.0,176.0,1.0,1445.0,1750.0,82.6,29344.0,9608.0,475.0,538.0,88.3,700.0,795.0,88.1,231.0,351.0,65.8,1.0,1.9,1.1,-0.8999999999999999,13.0,129.0,6.0,3.0,140.0,1702.0,43.0,40.0,1.0,16.0,9.0,0.0,0.0,0.0,0.0,5.0,12.0,2260.0,303.0,982.0,1157.0,131.0,31.0,2260.0,10.0,3.0,30.0,6.0,60.0,7367.0,3598.0,13.0,0.0,11.0,6.0,1341.0,7.0,32.0,0.91,27.0,1.0,0.0,3.0,0.0,1.0,5.0,0.14,3.0,1.0,0.0,1.0,0.0,0.0,Ligue1,2,2,1,2
570,342,Pierre Lees-Melou,FR,MF,MF,Brest,29,1993,97.0,55.0,55.0,37.0,5.0,57.0,123.0,46.3,66.0,48.0,13.0,35.0,52.0,149.0,46.0,1.0,1198.0,1461.0,82.0,24298.0,8391.0,455.0,520.0,87.5,482.0,551.0,87.5,222.0,322.0,68.9,5.0,2.3,2.4,2.7,16.0,150.0,14.0,5.0,179.0,1398.0,61.0,55.0,8.0,37.0,41.0,1.0,1.0,0.0,0.0,2.0,24.0,1840.0,116.0,576.0,1000.0,300.0,19.0,1840.0,44.0,22.0,50.0,12.0,27.3,7903.0,3555.0,44.0,7.0,30.0,20.0,1089.0,45.0,56.0,1.82,42.0,2.0,2.0,6.0,1.0,3.0,7.0,0.23,5.0,0.0,0.0,1.0,0.0,1.0,Ligue1,2,2,1,2
573,346,Johann Lepenant,FR,MF,MF,Lyon,19,2002,58.0,34.0,24.0,27.0,7.0,32.0,86.0,37.2,54.0,29.0,5.0,24.0,28.0,86.0,17.0,3.0,1163.0,1301.0,89.4,19634.0,4333.0,504.0,570.0,88.4,524.0,554.0,94.6,90.0,103.0,87.4,2.0,1.2,1.3,0.8,10.0,115.0,6.0,1.0,125.0,1284.0,17.0,12.0,3.0,4.0,9.0,0.0,0.0,0.0,0.0,0.0,24.0,1543.0,35.0,315.0,932.0,309.0,18.0,1543.0,48.0,21.0,43.8,21.0,43.8,5661.0,2144.0,37.0,2.0,40.0,28.0,1107.0,44.0,35.0,1.63,26.0,0.0,0.0,4.0,3.0,2.0,4.0,0.19,2.0,0.0,0.0,1.0,1.0,0.0,Ligue1,2,2,1,2
582,367,Yohann Magnin,FR,MF,MF,Clermont Foot,25,1997,89.0,54.0,37.0,45.0,7.0,54.0,106.0,50.9,52.0,50.0,12.0,38.0,25.0,114.0,46.0,0.0,1121.0,1337.0,83.8,18526.0,5540.0,507.0,577.0,87.9,463.0,531.0,87.2,93.0,141.0,66.0,0.0,2.3,1.8,-2.3,21.0,88.0,9.0,2.0,121.0,1304.0,31.0,18.0,2.0,8.0,14.0,1.0,0.0,0.0,0.0,2.0,25.0,1643.0,60.0,430.0,999.0,226.0,28.0,1643.0,32.0,7.0,21.9,19.0,59.4,5308.0,2152.0,28.0,2.0,20.0,11.0,1071.0,56.0,47.0,1.76,39.0,0.0,1.0,1.0,2.0,4.0,3.0,0.11,3.0,0.0,0.0,0.0,0.0,0.0,Ligue1,2,2,1,2
595,405,Thiago Mendes,BR,MF,DF,Lyon,30,1992,48.0,27.0,24.0,21.0,3.0,30.0,40.0,75.0,10.0,28.0,8.0,20.0,47.0,95.0,51.0,4.0,1445.0,1672.0,86.4,26348.0,9319.0,568.0,619.0,91.8,658.0,709.0,92.8,163.0,263.0,62.0,1.0,0.6,1.8,0.4,10.0,156.0,13.0,0.0,170.0,1610.0,57.0,48.0,6.0,15.0,6.0,0.0,0.0,0.0,0.0,5.0,16.0,1913.0,112.0,502.0,1225.0,188.0,9.0,1913.0,11.0,6.0,54.5,5.0,45.5,7166.0,3378.0,22.0,2.0,25.0,16.0,1383.0,20.0,28.0,1.22,26.0,0.0,0.0,2.0,0.0,0.0,5.0,0.22,5.0,0.0,0.0,0.0,0.0,0.0,Ligue1,2,2,1,2
596,408,Batista Mendy,FR,MF,DF,Angers,22,2000,70.0,30.0,34.0,28.0,8.0,37.0,53.0,69.8,16.0,38.0,6.0,32.0,21.0,91.0,29.0,2.0,1234.0,1432.0,86.2,22322.0,7144.0,471.0,532.0,88.5,608.0,670.0,90.7,112.0,161.0,69.6,0.0,1.2,1.8,-1.2,17.0,159.0,22.0,2.0,195.0,1399.0,29.0,27.0,4.0,13.0,9.0,0.0,0.0,0.0,0.0,4.0,18.0,1700.0,69.0,414.0,1033.0,277.0,16.0,1700.0,61.0,38.0,62.3,18.0,29.5,7161.0,3195.0,42.0,2.0,24.0,27.0,1201.0,49.0,40.0,1.26,36.0,0.0,3.0,1.0,0.0,0.0,0.0,0.0,0.0,0.0,0.0,0.0,0.0,0.0,Ligue1,2,2,1,2
608,462,Danilo Pereira,PT,DF,MF,Paris S-G,30,1991,32.0,17.0,15.0,14.0,3.0,19.0,26.0,73.1,7.0,26.0,19.0,7.0,36.0,68.0,59.0,1.0,1950.0,2068.0,94.3,32419.0,10970.0,909.0,946.0,96.1,859.0,899.0,95.6,136.0,164.0,82.9,0.0,0.5,0.9,-0.5,4.0,200.0,7.0,0.0,154.0,1989.0,74.0,36.0,1.0,6.0,3.0,0.0,0.0,0.0,0.0,5.0,8.0,2277.0,193.0,695.0,1442.0,162.0,29.0,2277.0,15.0,10.0,66.7,5.0,33.3,9953.0,5205.0,35.0,2.0,14.0,10.0,1748.0,11.0,23.0,0.86,19.0,0.0,0.0,2.0,1.0,1.0,2.0,0.07,2.0,0.0,0.0,0.0,0.0,0.0,Ligue1,2,2,1,2
615,481,Rayan Raveloson,MG,DF,MF,Auxerre,25,1997,38.0,23.0,21.0,16.0,1.0,23.0,33.0,69.7,10.0,43.0,12.0,31.0,39.0,77.0,70.0,0.0,917.0,1130.0,81.2,17031.0,6379.0,367.0,421.0,87.2,418.0,498.0,83.9,104.0,162.0,64.2,1.0,0.9,1.3,0.0999999999999999,13.0,82.0,15.0,7.0,100.0,982.0,146.0,30.0,1.0,20.0,33.0,1.0,1.0,0.0,0.0,2.0,21.0,1420.0,130.0,483.0,687.0,267.0,39.0,1420.0,27.0,8.0,29.6,11.0,40.7,5455.0,2705.0,38.0,6.0,41.0,16.0,788.0,61.0,42.0,1.55,36.0,0.0,1.0,3.0,1.0,1.0,2.0,0.07,2.0,0.0,0.0,0.0,0.0,0.0,Ligue1,2,2,1,2
618,488,Valentin Rongier,FR,MF,MF,Marseille,27,1994,93.0,59.0,33.0,47.0,13.0,41.0,77.0,53.2,36.0,50.0,11.0,39.0,54.0,147.0,38.0,1.0,1855.0,2109.0,88.0,31535.0,9032.0,808.0,898.0,90.0,821.0,888.0,92.5,147.0,197.0,74.6,2.0,2.7,3.1,-0.7000000000000002,32.0,224.0,34.0,2.0,238.0,2055.0,47.0,40.0,6.0,16.0,8.0,0.0,0.0,0.0,0.0,7.0,22.0,2455.0,86.0,506.0,1464.0,505.0,41.0,2455.0,45.0,29.0,64.4,15.0,33.3,11394.0,5460.0,52.0,9.0,31.0,30.0,1709.0,72.0,72.0,2.14,64.0,0.0,3.0,1.0,1.0,3.0,5.0,0.15,4.0,0.0,0.0,0.0,0.0,1.0,Ligue1,2,2,1,2
633,535,Stijn Spierings,NL,MF,MF,Toulouse,26,1996,95.0,67.0,37.0,49.0,9.0,43.0,101.0,42.6,58.0,49.0,11.0,38.0,53.0,148.0,44.0,0.0,1778.0,2085.0,85.3,32238.0,10001.0,781.0,875.0,89.3,730.0,809.0,90.2,210.0,298.0,70.5,0.0,2.1,1.7,-2.1,22.0,192.0,22.0,5.0,231.0,2005.0,75.0,68.0,1.0,35.0,21.0,0.0,0.0,0.0,0.0,5.0,40.0,2428.0,96.0,582.0,1532.0,340.0,20.0,2428.0,40.0,16.0,40.0,13.0,32.5,8655.0,3759.0,41.0,4.0,27.0,25.0,1616.0,30.0,60.0,1.73,48.0,0.0,2.0,3.0,3.0,4.0,6.0,0.17,4.0,0.0,1.0,0.0,1.0,0.0,Ligue1,2,2,1,2
642,563,Birama Touré,ML,MF,MF,Auxerre,30,1992,80.0,47.0,35.0,35.0,10.0,34.0,93.0,36.6,59.0,54.0,9.0,45.0,67.0,147.0,49.0,0.0,1236.0,1538.0,80.4,23867.0,7341.0,466.0,545.0,85.5,516.0,597.0,86.4,199.0,291.0,68.4,0.0,0.2,0.9,-0.2,5.0,121.0,11.0,0.0,138.0,1508.0,28.0,23.0,1.0,25.0,14.0,1.0,0.0,0.0,0.0,2.0,24.0,1904.0,94.0,514.0,1188.0,214.0,14.0,1903.0,23.0,11.0,47.8,8.0,34.8,6052.0,2210.0,21.0,1.0,39.0,15.0,1118.0,25.0,34.0,0.9,27.0,1.0,0.0,0.0,1.0,5.0,1.0,0.03,1.0,0.0,0.0,0.0,0.0,0.0,Ligue1,2,2,1,2
663,14,Robert Andrich,DE,MF,MF,Leverkusen,27,1994,61.0,38.0,30.0,27.0,4.0,26.0,45.0,57.8,19.0,27.0,9.0,18.0,42.0,103.0,55.0,2.0,1218.0,1455.0,83.7,19896.0,5759.0,594.0,675.0,88.0,496.0,581.0,85.4,82.0,123.0,66.7,2.0,1.2,0.9,0.8,18.0,77.0,11.0,2.0,99.0,1404.0,49.0,42.0,0.0,4.0,4.0,0.0,0.0,0.0,0.0,2.0,12.0,1724.0,113.0,540.0,1021.0,171.0,19.0,1724.0,7.0,5.0,71.4,1.0,14.3,3500.0,1660.0,18.0,1.0,20.0,4.0,1073.0,8.0,45.0,1.68,37.0,0.0,0.0,4.0,1.0,3.0,4.0,0.15,3.0,0.0,0.0,0.0,0.0,1.0,1.Bundesliga,2,2,1,2
665,19,Maximilian Arnold,DE,MF,MF,Wolfsburg,28,1994,62.0,31.0,25.0,28.0,9.0,28.0,54.0,51.9,26.0,34.0,11.0,23.0,26.0,88.0,65.0,2.0,1269.0,1642.0,77.3,28055.0,8726.0,360.0,405.0,88.9,645.0,741.0,87.0,247.0,448.0,55.1,3.0,4.9,4.9,-1.9000000000000004,43.0,115.0,19.0,2.0,150.0,1335.0,296.0,177.0,6.0,32.0,154.0,87.0,57.0,28.0,0.0,11.0,9.0,1927.0,113.0,470.0,1108.0,364.0,11.0,1922.0,17.0,8.0,47.1,5.0,29.4,4616.0,2330.0,25.0,1.0,18.0,22.0,1064.0,19.0,82.0,2.67,41.0,35.0,1.0,3.0,2.0,0.0,10.0,0.33,5.0,3.0,0.0,1.0,1.0,0.0,1.Bundesliga,2,2,1,2
715,186,Benjamin Henrichs,DE,DF,MF,RB Leipzig,25,1997,73.0,46.0,41.0,29.0,3.0,43.0,66.0,65.2,23.0,48.0,4.0,44.0,35.0,108.0,46.0,0.0,1198.0,1538.0,77.9,19513.0,5932.0,624.0,711.0,87.8,480.0,576.0,83.3,77.0,165.0,46.7,2.0,1.8,3.5,0.1999999999999999,20.0,92.0,31.0,10.0,109.0,1331.0,198.0,17.0,4.0,3.0,47.0,1.0,1.0,0.0,0.0,9.0,42.0,1856.0,65.0,520.0,872.0,479.0,49.0,1856.0,38.0,20.0,52.6,13.0,34.2,4998.0,2346.0,36.0,8.0,32.0,17.0,1156.0,149.0,55.0,2.26,41.0,1.0,3.0,6.0,4.0,0.0,5.0,0.21,5.0,0.0,0.0,0.0,0.0,0.0,1.Bundesliga,2,2,1,2
728,236,Joshua Kimmich,DE,MF,MF,Bayern Munich,27,1995,78.0,49.0,24.0,46.0,8.0,38.0,72.0,52.8,34.0,36.0,7.0,29.0,41.0,119.0,39.0,2.0,2333.0,2767.0,84.3,43859.0,14050.0,954.0,1017.0,93.8,1036.0,1151.0,90.0,306.0,512.0,59.8,6.0,7.0,9.0,-1.0,84.0,272.0,68.0,4.0,315.0,2407.0,351.0,119.0,29.0,10.0,240.0,204.0,83.0,98.0,4.0,9.0,24.0,3073.0,115.0,618.0,1669.0,809.0,20.0,3072.0,25.0,13.0,52.0,8.0,32.0,8923.0,3443.0,31.0,4.0,26.0,26.0,2065.0,56.0,142.0,4.55,82.0,55.0,1.0,2.0,1.0,1.0,15.0,0.48,12.0,2.0,0.0,1.0,0.0,0.0,1.Bundesliga,2,2,1,2
781,435,Ellyes Skhiri,TN,MF,MF,Köln,27,1995,79.0,44.0,29.0,42.0,8.0,26.0,66.0,39.4,40.0,52.0,12.0,40.0,56.0,135.0,48.0,0.0,1505.0,1717.0,87.7,26548.0,8222.0,615.0,688.0,89.4,739.0,804.0,91.9,126.0,152.0,82.9,1.0,1.8,1.8,-0.8,27.0,112.0,13.0,2.0,155.0,1647.0,65.0,52.0,1.0,9.0,13.0,0.0,0.0,0.0,0.0,5.0,23.0,2056.0,105.0,583.0,1207.0,287.0,54.0,2056.0,32.0,24.0,75.0,8.0,25.0,6762.0,3462.0,35.0,7.0,27.0,20.0,1263.0,61.0,56.0,1.76,48.0,0.0,1.0,5.0,0.0,2.0,5.0,0.16,5.0,0.0,0.0,0.0,0.0,0.0,1.Bundesliga,2,2,1,2
788,453,Kevin Stöger,AT,MF,MF,Bochum,28,1993,84.0,45.0,38.0,32.0,14.0,31.0,94.0,33.0,63.0,27.0,4.0,23.0,26.0,110.0,21.0,1.0,1114.0,1607.0,69.3,20465.0,7740.0,504.0,609.0,82.8,414.0,570.0,72.6,163.0,321.0,50.8,3.0,5.7,7.8,-2.7,68.0,153.0,46.0,11.0,214.0,1351.0,242.0,99.0,9.0,8.0,156.0,85.0,37.0,37.0,1.0,14.0,36.0,1917.0,32.0,281.0,1081.0,571.0,37.0,1914.0,52.0,22.0,42.3,21.0,40.4,4339.0,2056.0,40.0,3.0,43.0,35.0,1134.0,98.0,138.0,4.78,81.0,40.0,3.0,5.0,7.0,2.0,11.0,0.38,8.0,2.0,0.0,0.0,1.0,0.0,1.Bundesliga,2,2,1,2
803,12,Edson Álvarez,MX,MF,DF,Ajax,24,1997,71.0,40.0,40.0,26.0,5.0,44.0,72.0,61.1,28.0,36.0,13.0,23.0,36.0,107.0,76.0,1.0,2138.0,2411.0,88.7,37145.0,12004.0,880.0,968.0,90.9,1069.0,1160.0,92.2,147.0,205.0,71.7,3.0,4.2,4.0,-1.2000000000000002,28.0,218.0,24.0,1.0,223.0,2365.0,42.0,32.0,6.0,13.0,2.0,0.0,0.0,0.0,0.0,4.0,11.0,2811.0,188.0,864.0,1582.0,394.0,86.0,2811.0,39.0,18.0,46.2,18.0,46.2,11565.0,6327.0,60.0,0.0,26.0,21.0,1943.0,22.0,58.0,2.02,47.0,0.0,1.0,8.0,2.0,0.0,8.0,0.28,6.0,0.0,0.0,2.0,0.0,0.0,Eredivisie,2,2,1,2
821,107,Jordy Clasie,NL,MF,MF,AZ Alkmaar,31,1991,66.0,40.0,28.0,34.0,4.0,32.0,62.0,51.6,30.0,42.0,15.0,27.0,49.0,115.0,46.0,1.0,1800.0,2068.0,87.0,32730.0,10064.0,802.0,880.0,91.1,733.0,806.0,90.9,226.0,305.0,74.1,2.0,1.9,3.7,0.1,34.0,256.0,32.0,3.0,245.0,1994.0,70.0,60.0,7.0,20.0,15.0,1.0,0.0,1.0,0.0,4.0,17.0,2348.0,104.0,513.0,1454.0,400.0,9.0,2348.0,24.0,14.0,58.3,6.0,25.0,5963.0,2778.0,49.0,1.0,20.0,21.0,1550.0,26.0,80.0,2.49,72.0,4.0,2.0,2.0,0.0,0.0,9.0,0.28,8.0,0.0,1.0,0.0,0.0,0.0,Eredivisie,2,2,1,2
834,165,Ryan Flamingo,NL,DF,MF,Vitesse,19,2002,41.0,28.0,23.0,15.0,3.0,25.0,42.0,59.5,17.0,37.0,17.0,20.0,56.0,97.0,116.0,2.0,1102.0,1400.0,78.7,20986.0,7879.0,424.0,490.0,86.5,526.0,627.0,83.9,132.0,238.0,55.5,1.0,0.9,1.1,0.0999999999999999,16.0,133.0,8.0,0.0,117.0,1335.0,62.0,27.0,0.0,13.0,12.0,0.0,0.0,0.0,0.0,3.0,10.0,1773.0,177.0,669.0,893.0,220.0,61.0,1773.0,25.0,10.0,40.0,13.0,52.0,4186.0,2274.0,20.0,1.0,24.0,16.0,1001.0,22.0,37.0,1.24,29.0,0.0,0.0,5.0,2.0,1.0,1.0,0.03,1.0,0.0,0.0,0.0,0.0,0.0,Eredivisie,2,2,1,2
843,196,Thom Haye,NL,MF,MF,Heerenveen,27,1995,82.0,54.0,37.0,38.0,7.0,47.0,82.0,57.3,35.0,34.0,9.0,25.0,45.0,127.0,37.0,1.0,1532.0,1999.0,76.6,32434.0,11402.0,542.0,614.0,88.3,654.0,797.0,82.1,307.0,494.0,62.1,3.0,4.3,4.9,-1.2999999999999998,48.0,245.0,34.0,8.0,236.0,1751.0,243.0,107.0,6.0,36.0,189.0,127.0,47.0,47.0,3.0,5.0,35.0,2333.0,78.0,495.0,1346.0,525.0,10.0,2333.0,57.0,17.0,29.8,32.0,56.1,6956.0,3783.0,64.0,4.0,33.0,21.0,1409.0,40.0,99.0,3.28,59.0,33.0,1.0,4.0,0.0,2.0,6.0,0.2,5.0,1.0,0.0,0.0,0.0,0.0,Eredivisie,2,2,1,2
849,212,Jay Idzes,NL,DF,MF,Go Ahead Eag,22,2000,47.0,26.0,38.0,9.0,0.0,19.0,35.0,54.3,16.0,44.0,25.0,19.0,42.0,89.0,140.0,1.0,1270.0,1507.0,84.3,23699.0,8250.0,485.0,543.0,89.3,666.0,735.0,90.6,109.0,198.0,55.1,0.0,0.2,0.6,-0.2,5.0,78.0,5.0,0.0,73.0,1429.0,77.0,33.0,0.0,4.0,1.0,0.0,0.0,0.0,0.0,1.0,8.0,1856.0,310.0,1013.0,756.0,98.0,41.0,1856.0,7.0,5.0,71.4,2.0,28.6,4198.0,2394.0,9.0,0.0,14.0,1.0,1089.0,8.0,24.0,0.76,22.0,0.0,0.0,2.0,0.0,0.0,2.0,0.06,1.0,0.0,0.0,1.0,0.0,0.0,Eredivisie,2,2,1,2
871,305,Melle Meulensteen,NL,MF,DF,Vitesse,23,1999,48.0,34.0,21.0,21.0,6.0,19.0,35.0,54.3,16.0,41.0,22.0,19.0,34.0,82.0,79.0,2.0,1374.0,1635.0,84.0,25722.0,9999.0,531.0,585.0,90.8,671.0,743.0,90.3,148.0,238.0,62.2,2.0,2.5,1.3,-0.5,21.0,158.0,20.0,2.0,157.0,1593.0,37.0,29.0,2.0,8.0,8.0,0.0,0.0,0.0,0.0,5.0,17.0,1952.0,151.0,703.0,1057.0,216.0,34.0,1952.0,36.0,21.0,58.3,11.0,30.6,5132.0,2861.0,27.0,1.0,25.0,18.0,1203.0,19.0,65.0,2.17,55.0,1.0,1.0,6.0,1.0,1.0,6.0,0.2,5.0,0.0,0.0,1.0,0.0,0.0,Eredivisie,2,2,1,2
873,312,Damon Mirani,NL,DF,MF,Volendam,26,1996,53.0,31.0,35.0,16.0,2.0,28.0,56.0,50.0,28.0,36.0,22.0,14.0,36.0,89.0,134.0,0.0,1031.0,1285.0,80.2,19397.0,7241.0,374.0,439.0,85.2,523.0,602.0,86.9,113.0,197.0,57.4,1.0,0.8,0.6,0.1999999999999999,13.0,112.0,4.0,0.0,133.0,1241.0,42.0,36.0,0.0,12.0,1.0,0.0,0.0,0.0,0.0,2.0,9.0,1618.0,219.0,701.0,805.0,117.0,28.0,1618.0,1.0,0.0,0.0,0.0,0.0,3741.0,2053.0,7.0,0.0,11.0,10.0,888.0,13.0,43.0,1.48,38.0,0.0,0.0,3.0,2.0,0.0,5.0,0.17,4.0,0.0,0.0,1.0,0.0,0.0,Eredivisie,2,2,1,2
923,524,Ramiz Zerrouki,DZ,MF,MF,Twente,24,1998,95.0,56.0,35.0,49.0,11.0,38.0,74.0,51.4,36.0,47.0,7.0,40.0,53.0,148.0,38.0,0.0,1827.0,2181.0,83.8,35207.0,9826.0,753.0,827.0,91.1,770.0,879.0,87.6,265.0,374.0,70.9,4.0,2.8,4.2,1.2000000000000002,43.0,234.0,40.0,5.0,262.0,2051.0,126.0,68.0,6.0,50.0,59.0,44.0,25.0,5.0,0.0,4.0,27.0,2537.0,94.0,509.0,1475.0,573.0,26.0,2537.0,35.0,15.0,42.9,10.0,28.6,7361.0,3324.0,51.0,2.0,28.0,20.0,1562.0,52.0,104.0,3.34,81.0,16.0,0.0,2.0,3.0,2.0,11.0,0.35,9.0,2.0,0.0,0.0,0.0,0.0,Eredivisie,2,2,1,2
958,110,Vitor Carvalho,BR,MF,MF,Gil Vicente FC,25,1997,83.0,45.0,40.0,38.0,5.0,40.0,64.0,62.5,24.0,26.0,8.0,18.0,43.0,126.0,48.0,0.0,1539.0,1813.0,84.9,27333.0,6957.0,620.0,696.0,89.1,722.0,808.0,89.4,147.0,204.0,72.1,0.0,1.8,2.0,-1.8,22.0,141.0,15.0,1.0,192.0,1747.0,59.0,45.0,7.0,12.0,8.0,0.0,0.0,0.0,0.0,7.0,28.0,2142.0,84.0,484.0,1333.0,343.0,29.0,2142.0,31.0,13.0,41.9,11.0,35.5,4777.0,2450.0,30.0,1.0,31.0,27.0,1485.0,44.0,58.0,1.93,45.0,3.0,1.0,2.0,4.0,3.0,1.0,0.03,1.0,0.0,0.0,0.0,0.0,0.0,Portuguese_League,2,2,1,2
966,138,Vitor Costa,BR,DF,MF,Marítimo,28,1994,58.0,29.0,29.0,23.0,6.0,30.0,61.0,49.2,31.0,31.0,4.0,27.0,30.0,88.0,62.0,2.0,1044.0,1388.0,75.2,19605.0,7698.0,433.0,509.0,85.1,471.0,578.0,81.5,129.0,234.0,55.1,1.0,1.9,1.4,-0.8999999999999999,32.0,97.0,27.0,15.0,124.0,1079.0,301.0,25.0,2.0,6.0,83.0,2.0,0.0,1.0,0.0,8.0,42.0,1658.0,82.0,508.0,769.0,398.0,27.0,1658.0,44.0,24.0,54.5,12.0,27.3,4265.0,2394.0,42.0,8.0,17.0,17.0,874.0,139.0,77.0,2.89,62.0,6.0,3.0,2.0,3.0,1.0,2.0,0.07,2.0,0.0,0.0,0.0,0.0,0.0,Portuguese_League,2,2,1,2
1006,297,Florentino Luís,PT,MF,MF,Benfica,22,1999,82.0,45.0,29.0,37.0,16.0,46.0,66.0,69.7,20.0,26.0,1.0,25.0,63.0,145.0,27.0,0.0,1665.0,1856.0,89.7,26510.0,7780.0,856.0,909.0,94.2,613.0,659.0,93.0,129.0,178.0,72.5,3.0,1.7,1.5,1.3,17.0,228.0,16.0,1.0,165.0,1816.0,34.0,30.0,1.0,20.0,3.0,0.0,0.0,0.0,0.0,6.0,20.0,2130.0,52.0,346.0,1418.0,382.0,19.0,2130.0,22.0,13.0,59.1,5.0,22.7,4284.0,1763.0,22.0,0.0,23.0,13.0,1558.0,30.0,37.0,1.57,29.0,1.0,1.0,3.0,1.0,2.0,5.0,0.21,5.0,0.0,0.0,0.0,0.0,0.0,Portuguese_League,2,2,1,2
1007,302,Miguel Magalhães,PT,DF,MF,Vitória,19,2002,65.0,31.0,45.0,11.0,9.0,45.0,72.0,62.5,27.0,36.0,8.0,28.0,35.0,100.0,52.0,0.0,801.0,1069.0,74.9,12565.0,5900.0,440.0,501.0,87.8,294.0,410.0,71.7,50.0,98.0,51.0,2.0,1.6,2.1,0.3999999999999999,21.0,52.0,37.0,19.0,74.0,827.0,237.0,13.0,2.0,1.0,72.0,1.0,0.0,1.0,0.0,5.0,30.0,1317.0,62.0,393.0,538.0,393.0,26.0,1317.0,12.0,2.0,16.7,9.0,75.0,2535.0,1211.0,16.0,4.0,18.0,11.0,655.0,142.0,47.0,2.16,37.0,6.0,0.0,1.0,1.0,2.0,5.0,0.23,3.0,0.0,0.0,0.0,1.0,1.0,Portuguese_League,2,2,1,2
1009,306,Pedro Malheiro,PT,DF,MF,Boavista,21,2001,94.0,55.0,60.0,30.0,4.0,47.0,78.0,60.3,31.0,42.0,4.0,38.0,37.0,131.0,66.0,0.0,1403.0,1811.0,77.5,23496.0,8168.0,700.0,787.0,88.9,552.0,670.0,82.4,112.0,239.0,46.9,6.0,3.0,2.7,3.0,20.0,100.0,18.0,15.0,108.0,1470.0,336.0,46.0,0.0,20.0,98.0,4.0,4.0,0.0,0.0,5.0,51.0,2147.0,88.0,707.0,1072.0,404.0,21.0,2147.0,70.0,38.0,54.3,28.0,40.0,5287.0,2641.0,33.0,5.0,34.0,15.0,1206.0,79.0,46.0,1.48,35.0,6.0,0.0,3.0,0.0,2.0,6.0,0.19,4.0,2.0,0.0,0.0,0.0,0.0,Portuguese_League,2,2,1,2
1070,518,Afonso Taira,PT,MF,MF,Casa Pia,30,1992,94.0,55.0,40.0,51.0,3.0,39.0,80.0,48.8,41.0,44.0,5.0,39.0,35.0,129.0,29.0,0.0,753.0,1011.0,74.5,13148.0,4631.0,350.0,427.0,82.0,313.0,396.0,79.0,73.0,129.0,56.6,1.0,1.5,1.5,-0.5,28.0,97.0,15.0,2.0,141.0,974.0,33.0,31.0,7.0,8.0,9.0,1.0,0.0,0.0,0.0,4.0,25.0,1296.0,49.0,307.0,807.0,211.0,14.0,1296.0,52.0,22.0,42.3,24.0,46.2,2715.0,1332.0,28.0,3.0,22.0,16.0,738.0,31.0,61.0,2.62,50.0,1.0,2.0,2.0,2.0,4.0,4.0,0.17,3.0,1.0,0.0,0.0,0.0,0.0,Portuguese_League,2,2,1,2
1076,535,Manuel Ugarte Ribeiro,UY,MF,MF,Sporting CP,21,2001,121.0,69.0,37.0,61.0,23.0,66.0,123.0,53.7,57.0,43.0,7.0,36.0,57.0,178.0,17.0,0.0,1451.0,1584.0,91.6,25610.0,4869.0,630.0,676.0,93.2,686.0,716.0,95.8,114.0,147.0,77.6,0.0,0.6,1.0,-0.6,15.0,110.0,7.0,0.0,120.0,1546.0,38.0,34.0,1.0,18.0,3.0,0.0,0.0,0.0,0.0,0.0,14.0,1962.0,38.0,358.0,1358.0,283.0,5.0,1962.0,73.0,40.0,54.8,24.0,32.9,5831.0,2671.0,36.0,1.0,30.0,26.0,1290.0,22.0,54.0,2.07,44.0,1.0,0.0,1.0,1.0,7.0,4.0,0.15,4.0,0.0,0.0,0.0,0.0,0.0,Portuguese_League,2,2,1,2
1077,538,Mateus Uribe,CO,MF,MF,Porto,31,1991,73.0,46.0,35.0,33.0,5.0,35.0,71.0,49.3,36.0,34.0,4.0,30.0,51.0,124.0,42.0,1.0,1478.0,1775.0,83.3,27409.0,9342.0,647.0,716.0,90.4,597.0,695.0,85.9,205.0,288.0,71.2,0.0,1.2,2.2,-1.2,18.0,182.0,27.0,2.0,221.0,1664.0,101.0,56.0,12.0,15.0,25.0,5.0,2.0,3.0,0.0,10.0,23.0,2073.0,80.0,461.0,1259.0,373.0,39.0,2071.0,31.0,20.0,64.5,8.0,25.8,4101.0,1764.0,26.0,4.0,26.0,14.0,1337.0,34.0,62.0,2.27,48.0,5.0,0.0,5.0,1.0,3.0,8.0,0.29,5.0,0.0,0.0,1.0,0.0,2.0,Portuguese_League,2,2,1,2
